observation_date,NFIRSAXDCIDQ
2000-01-01,246110850.2
2000-04-01,268089949.1
2000-07-01,274181594.1
2000-10-01,283717658.3
2001-01-01,292252078.8
2001-04-01,297938319.4
2001-07-01,273451843.7
2001-10-01,278063567.9
2002-01-01,284791560.0
2002-04-01,294014158.6
2002-07-01,303355174.5
2002-10-01,313141525.3
2003-01-01,289849373.7
2003-04-01,295219061.9
2003-07-01,304198412.0
2003-10-01,313211241.8
2004-01-01,322914588.7
2004-04-01,333347591.6
2004-07-01,357258452.0
2004-10-01,365520935.3
2005-01-01,374402747.3
2005-04-01,386160790.7
2005-07-01,393661092.5
2005-10-01,374954981.4
2006-01-01,381645836.6
2006-04-01,389964375.7
2006-07-01,395979510.5
2006-10-01,401300709.5
2007-01-01,409871941.5
2007-04-01,421378443.5
2007-07-01,433392453.7
2007-10-01,450529467.9
2008-01-01,469261109.5
2008-04-01,477217795.8
2008-07-01,482939767.6
2008-10-01,489621191.2
2009-01-01,493338596.6
2009-04-01,494556171.7
2009-07-01,501248031.0
2009-10-01,505216912.4
2010-01-01,514500739.2
2010-04-01,527650656.5
2010-07-01,536620562.4
2010-10-01,549068723.9
2011-01-01,562380421.8
2011-04-01,572131769.3
2011-07-01,584052992.1
2011-10-01,597793920.9
2012-01-01,611625618.3
2012-04-01,626320636.3
2012-07-01,639470776.4
2012-10-01,650311759.5
2013-01-01,654743924.2
2013-04-01,660235240.6
2013-07-01,666876887.9
2013-10-01,672518984.0
2014-01-01,681798377.2
2014-04-01,690289668.5
2014-07-01,696576511.9
2014-10-01,703806209.5
2015-01-01,713720634.6
2015-04-01,723192200.6
2015-07-01,732630404.3
2015-10-01,741812743.4
2016-01-01,748901460.9
2016-04-01,755699447.2
2016-07-01,763605027.6
2016-10-01,773378741.0
2017-01-01,785378248.4
2017-04-01,800052631.7
2017-07-01,814341954.9
2017-10-01,828990172.4
2018-01-01,843211528.9
2018-04-01,855179192.5
2018-07-01,867371501.6
2018-10-01,878548028.4
2019-01-01,889028495.4
2019-04-01,897322988.3
2019-07-01,904868147.4
2019-10-01,906444494.4
2020-01-01,899363485.8
2020-04-01,818814924.3
2020-07-01,842984678.0
2020-10-01,858018518.9
2021-01-01,875398875.7
2021-04-01,883933583.1
2021-07-01,888628685.1
2021-10-01,901257658.1
2022-01-01,912110685.2
2022-04-01,917273319.7
2022-07-01,924853780.0
2022-10-01,932335965.0
2023-01-01,939769492.4
2023-04-01,951022434.6
2023-07-01,961479782.8
2023-10-01,972950328.2
2024-01-01,985059548.1
2024-04-01,993599273.6
2024-07-01,1006306756.5
2024-10-01,1016727722.0
2025-01-01,1027145318.1
2025-04-01,1044457519.2
2025-07-01,1059563833.1
2025-10-01,1074229924.0
2026-01-01,1089381387.3
