observation_date,NGDPRSAXDCIDQ
2000-01-01,1012908548.9
2000-04-01,1007085097.4
2000-07-01,1031621787.4
2000-10-01,1061287238.5
2001-01-01,1053724548.7
2001-04-01,1064503041.7
2001-07-01,1064723806.5
2001-10-01,1079803504.2
2002-01-01,1092967373.4
2002-04-01,1107016689.4
2002-07-01,1121225595.6
2002-10-01,1133346850.7
2003-01-01,1148138310.8
2003-04-01,1161156638.7
2003-07-01,1173320795.6
2003-10-01,1184885007.8
2004-01-01,1198807260.6
2004-04-01,1213143896.8
2004-07-01,1227905795.3
2004-10-01,1262459879.8
2005-01-01,1272698656.9
2005-04-01,1287273733.3
2005-07-01,1301458227.9
2005-10-01,1319954094.9
2006-01-01,1337393578.3
2006-04-01,1354469278.2
2006-07-01,1376301897.3
2006-10-01,1398245434.2
2007-01-01,1420985934.2
2007-04-01,1444669538.6
2007-07-01,1467445669.0
2007-10-01,1480153989.0
2008-01-01,1513071211.2
2008-04-01,1535483757.5
2008-07-01,1555822432.3
2008-10-01,1558469599.0
2009-01-01,1579736481.2
2009-04-01,1599686188.7
2009-07-01,1624635349.7
2009-10-01,1648551780.5
2010-01-01,1675172557.0
2010-04-01,1703433185.8
2010-07-01,1728907813.1
2010-10-01,1756619544.1
2011-01-01,1782182595.6
2011-04-01,1807970614.5
2011-07-01,1835409706.8
2011-10-01,1862072383.1
2012-01-01,1890327515.5
2012-04-01,1918317446.2
2012-07-01,1945632295.8
2012-10-01,1972806142.5
2013-01-01,1999867862.7
2013-04-01,2026008935.3
2013-07-01,2052231834.9
2013-10-01,2078389167.2
2014-01-01,2103242353.3
2014-04-01,2128987700.5
2014-07-01,2154020904.1
2014-10-01,2178615642.0
2015-01-01,2205428638.1
2015-04-01,2230976381.8
2015-07-01,2258579199.3
2015-10-01,2287532880.8
2016-01-01,2314818296.5
2016-04-01,2344644370.3
2016-07-01,2373238785.4
2016-10-01,2401911947.7
2017-01-01,2432412007.9
2017-04-01,2462033897.1
2017-07-01,2493343946.0
2017-10-01,2525138248.9
2018-01-01,2557067719.8
2018-04-01,2589853860.1
2018-07-01,2622737460.5
2018-10-01,2656192859.6
2019-01-01,2689375112.4
2019-04-01,2722616908.9
2019-07-01,2754072774.5
2019-10-01,2783090604.2
2020-01-01,2765766066.6
2020-04-01,2577176022.7
2020-07-01,2660518545.4
2020-10-01,2719538665.3
2021-01-01,2747386950.5
2021-04-01,2761746203.8
2021-07-01,2768068745.1
2021-10-01,2842857800.5
2022-01-01,2876278883.1
2022-04-01,2909986201.9
2022-07-01,2943232687.7
2022-10-01,2980725427.2
2023-01-01,3016871929.9
2023-04-01,3056593500.7
2023-07-01,3094933476.5
2023-10-01,3133053692.8
2024-01-01,3173046610.0
2024-04-01,3209381173.7
2024-07-01,3249343102.1
2024-10-01,3288761514.2
2025-01-01,3328465246.3
2025-04-01,3372887814.5
2025-07-01,3416222982.6
2025-10-01,3462948656.6
2026-01-01,3510282996.2
